"","Biliary.AdenoCA..SP117655","Biliary.AdenoCA..SP117556","Biliary.AdenoCA..SP117627","Biliary.AdenoCA..SP117775","Biliary.AdenoCA..SP117332","Biliary.AdenoCA..SP117712","Biliary.AdenoCA..SP117017","Biliary.AdenoCA..SP117031","Biliary.AdenoCA..SP117759","Biliary.AdenoCA..SP117621"
"W.1",1.88176180651845,1.06177922801308,1.19111512008992,1.8817618065186,0.835383423486108,1.75377173153963,1.34791881405143,1.61085547151539,1.8590533342704,1.89863977502067
