"","SP_Syn_Kidney-RCC::S.1","SP_Syn_Kidney-RCC::S.2","SP_Syn_Kidney-RCC::S.3","SP_Syn_Kidney-RCC::S.4","SP_Syn_Kidney-RCC::S.5","SP_Syn_Kidney-RCC::S.6","SP_Syn_Kidney-RCC::S.7","SP_Syn_Kidney-RCC::S.8","SP_Syn_Kidney-RCC::S.9","SP_Syn_Kidney-RCC::S.10"
"1",2.06111604651983,0.60086369771857,3.29557612833537,1.3893229500332,1.89448030044639,4.98459637335602,2.43528194127872,2.09216162488666,5.17025496975834,3.3718285450132e-106
"2",6.89897707698993,8.81604655189453,1.82907519495524,4.72696193851455,10.4845419955042,2.88540148636688,5.03932142128505,4.02658003386517,6.88908135758666,20.6890408989388
