"","ColoRect-AdenoCA::SP18310","ColoRect-AdenoCA::SP17172","ColoRect-AdenoCA::SP96133","ColoRect-AdenoCA::SP110242","ColoRect-AdenoCA::SP21017","ColoRect-AdenoCA::SP22383","ColoRect-AdenoCA::SP19215","ColoRect-AdenoCA::SP18121","ColoRect-AdenoCA::SP96118","Uterus-AdenoCA::SP95454","Uterus-AdenoCA::SP94741","Uterus-AdenoCA::SP90209","Uterus-AdenoCA::SP90989","Uterus-AdenoCA::SP93540","Uterus-AdenoCA::SP94348","Uterus-AdenoCA::SP94933","Uterus-AdenoCA::SP92364","Uterus-AdenoCA::SP94917","Uterus-AdenoCA::SP92460","Uterus-AdenoCA::SP89909"
"BI_COMPOSITE_SBS26_S",1491.267344,12262.00866,3825.913436,3833.450915,0,12594.08273,26453.25438,15412.51841,306.902025,293.1929871,877.2685236,1.81e-75,6165.426152,3757.833015,789.008501,12888.87807,65791.52241,0,819.2135052,1248.964723
"BI_COMPOSITE_SBS44_S",23241.17977,26900.32922,13609.10517,26638.69537,5824.906367,7016.25132,18427.88055,12600.81073,7381.526903,6349.216892,11759.28277,1.21e-195,5268.699978,16168.59188,8278.428967,0,898.965902,4794.598616,5811.703285,5878.185506
