"","BI_COMPOSITE_SBS1_P","BI_COMPOSITE_SBS2_P","BI_COMPOSITE_SBS3_P","BI_COMPOSITE_SBS8_P","BI_COMPOSITE_SBS12_P","BI_COMPOSITE_SBS13_P","BI_COMPOSITE_SBS17b_P","BI_COMPOSITE_SBS18_P","BI_COMPOSITE_SBS19_P","BI_COMPOSITE_SBS22_P","BI_COMPOSITE_SBS28_P","BI_COMPOSITE_SBS30_P","BI_COMPOSITE_SBS36_P","BI_COMPOSITE_SBS39_P","BI_COMPOSITE_SBS64_P","BI_COMPOSITE_SBS69_P","BI_COMPOSITE_SBS70_P","BI_COMPOSITE_SBS71_P","BI_COMPOSITE_SBS72_P","BI_COMPOSITE_SBS82_P"
"prob",1,0.987394957983193,1,1,1,0.857142857142857,0.987394957983193,0.970588235294118,0.987394957983193,0.995798319327731,0.974789915966387,0.949579831932773,0.991596638655462,0.932773109243697,1,0.995798319327731,0.974789915966387,0.987394957983193,0.957983193277311,0.84453781512605
"mean",3.08629003441352,2.18745218860984,1.58028040540852,2.581783100337,2.67706273089195,1.86828630199061,1.80484711729454,2.11770082073941,2.00748881143254,2.08261170763626,2.02599535045374,2.29465540966424,2.38610493536576,2.54179065510643,2.60125233579518,2.42608887201917,2.38891079573734,1.87240239665012,1.99130396559928,0.0555701353328321
"stdev",0.245326889782229,0.375952114946437,0.460401172295175,0.304121676078353,0.255704410909115,0.53065346688693,0.588040645598096,0.307995283959679,0.238400177360173,0.306678889052121,0.382089455117578,0.330453903888119,0.288151411496602,0.434369229281823,0.300065972347276,0.332646565741658,0.231258975052933,0.36714659808765,0.322366742454881,0.207739924647673
