"","SBS1","SBS2","SBS3","SBS5","SBS13","SBS17a","SBS17b","SBS18","SBS28","SBS30","SBS40"
"prob",1,0.630252100840336,0.214285714285714,0.991596638655462,0.571428571428571,0.142857142857143,0.142857142857143,0.378151260504202,0.0210084033613445,0.046218487394958,0.474789915966387
"mean",3.00079272323803,2.42707568478942,3.34994288978434,3.18897681620003,2.12603892230091,2.18769122924914,2.66417798234048,2.8928794466591,2.87384975569886,2.69364264560759,3.42962490200678
"stdev",0.248380592641992,0.286410105437077,0.452001904171749,0.349016572442269,0.525787399706524,0.485120923458237,0.399175648422549,0.344196911582119,0.32974219368992,0.282132762681499,0.238756251359263
